n,SGD,Bayes,split
0,0.90007013,0.90007,
1,1.50567158,1.14209714,
2,1.7454138300000002,1.30245564,
3,1.92217068,1.37187276,
4,2.03986915,1.4191893,
5,2.11801188,1.43797302,
6,2.16912766,1.4428159200000001,
7,2.20412144,1.45790552,
8,2.22901821,1.45652643,
9,2.2459454,1.4522513000000001,
10,2.25327465,1.44102706,
11,2.25554916,1.44352164,
12,2.25441034,1.43731016,
13,2.25103942,1.43730006,
14,2.24755485,1.44250785,
15,2.24528032,1.4517776,
16,2.24182094,1.4550629800000001,3.44470609
17,2.23735122,1.4586732,3.56738868
18,2.2320003,1.46565487,3.6950196799999997
19,2.2260284,1.4680786000000001,3.8198682
20,2.21911914,1.47079569,3.94777509
21,2.2130330199999997,1.4769213799999998,4.07614878
22,2.20793652,1.47837537,4.21303627
23,2.20213296,1.4812235999999999,4.3331623200000005
24,2.195751,1.48469575,4.45553175
25,2.19101766,1.48478902,4.58866434
26,2.18671029,1.48185126,4.7227970699999995
27,2.1818815199999997,1.48180928,4.8535267200000005
28,2.1766965,1.48159173,4.98186708
29,2.1716583000000003,1.4922138,5.1169251
30,2.16626047,1.4967841599999998,5.25225126
31,2.16133312,1.50010592,5.37571712
32,2.15700474,1.50008562,5.5158011700000005
33,2.15291774,1.5125274,5.6513763
34,2.1490749,1.51195205,5.7876616
35,2.14482852,1.50479028,5.9123728799999995
36,2.1407053,1.4966585099999998,6.04470887
37,2.1360997,1.49042422,6.175620159999999
38,2.13072288,1.48125744,6.29963217
39,2.1251552,1.4760887999999999,6.4262032
40,2.12008007,1.4891913399999999,6.56667521
41,2.11478148,1.48243158,6.68767848
42,2.10929878,1.4783946099999998,6.81972303
43,2.10432552,1.4786076799999999,6.960298400000001
44,2.0994012,1.4867955,7.0961715
45,2.0951182999999998,1.4901189400000001,7.2242434200000005
46,2.09061734,1.4882639300000002,7.3578171
47,2.0863224,1.4933961599999999,7.495007520000001
48,2.08163368,1.49269827,3.0450373799999997
49,2.0770805,1.4951105,3.0789875
50,2.07231717,1.4925802799999999,3.10758045
51,2.06769524,1.49180512,3.143868
52,2.06312888,1.48822251,3.17902215
53,2.05876998,1.49205726,3.21314418
54,2.0545359999999997,1.4884067,3.2456809
55,2.05039016,1.49141104,3.288278
56,2.04610392,1.48791888,3.31912596
57,2.04214868,1.48993474,3.35118316
58,2.03833908,1.49352128,3.3875794
59,2.0346726,1.4923104,3.4246788
60,2.03082969,1.4889178900000002,3.45965648
61,2.02710054,1.4876807,3.49038052
62,2.02370805,1.4990295599999999,3.52681182
63,2.02075264,1.49995136,3.56330176
64,2.0175733499999997,1.4972379500000002,3.5969609
65,2.01421836,1.4926810799999999,3.62588358
66,2.01119595,1.49477737,3.66105554
67,2.00820048,1.4960646,3.6917261199999998
68,2.0050627199999997,1.49372028,3.71944362
69,2.0021092,1.4963172,3.7555308
70,1.99960708,1.50349103,3.79402274
71,1.99711296,1.5031130400000001,3.83261256
72,1.9948184400000002,1.50860413,3.864328
73,1.99221098,1.5026166200000002,3.89755188
74,1.9894545000000001,1.49984025,3.9279532500000003
75,1.98694628,1.4973862,3.96373744
76,1.98451638,1.49745442,3.99399
77,1.9817522399999998,1.4944550399999998,4.02573834
78,1.9789934500000002,1.4881380100000001,4.05724329
79,1.9763464,1.492404,4.090059200000001
80,1.9738233900000002,1.49294178,2.5792425000000003
81,1.9713988999999998,1.4971535399999998,2.60042582
82,1.96880648,1.49864883,2.6135272400000003
83,1.96597548,1.49333268,2.62438764
84,1.9635,1.4983205,2.63887515
85,1.9607484000000002,1.49384236,2.64717288
86,1.95808377,1.49493144,2.66135958
87,1.95549112,1.49555296,2.67392664
88,1.95292255,1.4985188100000002,2.69109122
89,1.950471,1.4983568999999999,2.7020519999999997
90,1.94804246,1.4997764599999999,2.71702431
91,1.9458184,1.4996137999999999,2.73484904
92,1.9437744000000001,1.50242895,2.7469419299999998
93,1.94156624,1.4957646599999999,2.76049048
94,1.9393889000000002,1.4956496,2.7758049999999996
95,1.9374220800000002,1.4979408,2.79214848
96,1.9356796200000002,1.50131556,2.80858747
97,1.93395748,1.4994274399999998,2.82320262
98,1.93225527,1.50164784,2.84789241
99,1.930665,1.501842,2.859235
100,1.9290838399999999,1.5053534899999998,2.87760211
101,1.92767454,1.5070347000000002,2.89484976
102,1.9264285700000001,1.50938569,2.9110539799999997
103,1.9252313600000002,1.50947784,2.9259651200000003
104,1.92387405,1.5067248,2.9396703
105,1.92264496,1.51565584,2.95652762
106,1.92128237,1.51744297,2.9723744
107,1.92007368,1.51739352,2.99052216
108,1.9190638100000001,1.52549969,3.00669524
109,1.9179666,1.5208666,3.0166257
110,1.91680572,1.5186354,3.0313989
111,1.9156491199999999,1.5184892799999998,2.32186752
112,1.9145793399999997,1.52018222,2.32718528
113,1.9134763199999998,1.52228646,2.33362674
114,1.9123740999999999,1.52215265,2.3409630000000003
115,1.91105592,1.5183715599999998,2.3441314799999997
116,1.909791,1.51843185,2.34633204
117,1.9084765399999999,1.51970548,2.35243502
118,1.9071832499999999,1.52106276,2.35756969
119,1.9058160000000002,1.5208428,2.3621676000000003
120,1.90456904,1.52370944,2.36866454
121,1.9034379,1.5239141999999999,2.3736295600000004
122,1.9023020099999999,1.5242442900000002,2.38056783
123,1.90107996,1.52136716,2.38557524
124,1.89992,1.5210825,2.393075
125,1.8986574600000001,1.52015346,2.40238152
126,1.8972644300000001,1.51586438,2.40655094
127,1.89591168,1.51280768,2.41777024
128,1.89459075,1.51363956,2.4246478799999998
129,1.8931263,1.5139696,2.4307790000000002
130,1.8917172899999999,1.51628963,2.44016058
131,1.8903851999999999,1.51793004,2.45070012
132,1.88922776,1.5231399399999999,2.46393007
133,1.8881095799999998,1.52350228,2.47392274
134,1.88694765,1.5194385000000001,2.4798771
135,1.8858372,1.5172282400000001,2.48838112
136,1.8847775,1.51913409,2.49752507
137,1.88365998,1.5139428000000001,2.5088151599999997
138,1.88273554,1.5201415299999999,2.52253725
139,1.881887,1.5243423999999999,2.5297818
140,1.88125302,1.53040413,2.54438448
141,1.8806266999999999,1.52747128,2.54399248
142,1.88002815,1.52443291,2.5498044
143,1.879416,1.52495856,2.09385648
144,1.8788244500000002,1.5243067,2.09992335
145,1.8782169999999998,1.52104114,2.10388336
146,1.8775222200000001,1.52030781,2.1094749900000003
147,1.87697892,1.5235934,2.1133171600000002
148,1.8763406100000002,1.5208266099999999,2.11696667
149,1.8757005000000002,1.522359,2.1186884999999998
150,1.87505911,1.52081462,2.11971686
151,1.8743910400000001,1.51950904,2.12485664
152,1.8736961399999998,1.5189488100000001,2.12794389
153,1.87290642,1.51684148,2.13598
154,1.8721799000000001,1.51949135,2.1385691000000002
155,1.87143996,1.51933236,2.14035432
156,1.87073193,1.52318574,2.1475402000000003
157,1.8700390199999999,1.5241549,2.1501967200000003
158,1.8693168900000001,1.5196933799999999,2.15027625
159,1.8685904,1.5186208,2.1524368
160,1.8678431100000001,1.51869851,2.15668033
161,1.86720876,1.5204186,2.16216702
162,1.8665276700000002,1.52025862,2.16570765
163,1.86591984,1.5206408,2.16840472
164,1.8653200499999998,1.5190626,2.1737694
165,1.8646614000000001,1.5184401799999998,2.17768428
166,1.86406402,1.51905371,2.18186836
167,1.86353832,1.52119632,2.18773968
168,1.86299854,1.52129406,2.1936977399999997
169,1.8622547999999999,1.5187783,2.196264
170,1.86140511,1.51373475,2.19667455
171,1.8605446399999999,1.51415384,2.2042608400000003
172,1.85967561,1.5127258399999999,2.21008884
173,1.85884722,1.5165753,2.21825988
174,1.85787525,1.51297475,1.97048075
175,1.85688976,1.51099344,1.97558416
176,1.8559087200000002,1.50959052,1.98014502
177,1.8549468999999998,1.50918724,1.98148888
178,1.85408916,1.50916153,1.9827239300000001
179,1.8532908,1.5098796,1.9809612
180,1.85250604,1.5122658599999999,1.9869727499999998
181,1.85174626,1.5107328599999998,1.99118556
182,1.8509352000000001,1.5087343500000001,1.99299078
183,1.85021568,1.5106694399999998,1.9970164
184,1.8493821,1.50646425,1.9964034499999999
185,1.84853496,1.5069255,1.99761768
186,1.84761984,1.50584742,1.9990543100000002
187,1.84672776,1.5076565999999998,2.00185408
188,1.84584015,1.5074526600000002,2.00522763
189,1.8449589,1.5089856999999998,2.0084881
190,1.84411455,1.51072023,2.0141523
191,1.84328448,1.50972288,2.018304
192,1.84245906,1.5089319,2.0235278
193,1.8416226,1.50624122,2.02761622
194,1.840683,1.50527325,2.0322588
195,1.8397814399999999,1.50338076,2.03282968
196,1.83890438,1.5038192,2.03840037
197,1.83801618,1.50514848,2.0403998999999997
198,1.8372077999999998,1.5066091000000001,2.04210815
199,1.836434,1.508752,2.047084
200,1.8356727000000002,1.5092446800000001,2.05327329
201,1.83495588,1.50984092,2.05699226
202,1.83419229,1.50769724,2.0551273400000003
203,1.83348264,1.5080802,2.05806828
204,1.8327697,1.50883485,2.0622672
205,1.83203422,1.50868838,2.06589984
206,1.83125448,1.51042725,1.91232396
207,1.8304561600000002,1.51040032,1.9153264
208,1.8296758700000002,1.51025699,1.91270739
209,1.8289488,1.5152823,1.9154603999999997
210,1.82828124,1.5169845,1.9199945
211,1.82765412,1.51692572,1.92271704
212,1.82702028,1.5162404999999999,1.9273858799999999
213,1.82639798,1.51472196,1.92995044
214,1.825823,1.5133463,1.9302055
215,1.82529936,1.51407144,1.9317614399999998
216,1.82473998,1.5109493,1.9322678199999999
217,1.8242349,1.5133734399999998,1.9363959
218,1.8237641100000002,1.51500258,1.9418160599999998
219,1.8232544,1.5160288,1.943535
220,1.8227151799999999,1.51416382,1.9450209999999999
221,1.82217822,1.51387128,1.9455924599999999
222,1.8216981500000002,1.51540542,1.94653132
223,1.8212655999999998,1.51758432,1.9499424
224,1.82079675,1.51664175,1.95312375
225,1.82035542,1.51667922,1.95540624
226,1.8198816999999998,1.51654841,1.95934369
227,1.8193875600000002,1.5138196800000001,1.95981732
228,1.81884166,1.51219005,1.96158652
229,1.818242,1.5108033,1.9605590999999998
230,1.81764198,1.5096057900000002,1.9634676599999998
231,1.81706112,1.5128093599999999,1.96647376
232,1.81645868,1.5106927799999998,1.97025965
233,1.81582596,1.51053552,1.96972776
234,1.81523165,1.5125845500000001,1.9734266
235,1.81463704,1.50986664,1.97479844
236,1.8139553400000001,1.50692184,1.97114796
237,1.81331248,1.50686844,1.9745907999999999
238,1.8126859400000002,1.5078725099999999,1.87096609
239,1.8120456,1.5059543999999998,1.8725376
240,1.81145963,1.50735137,1.8736761899999999
241,1.81091504,1.50788748,1.87438196
242,1.81035243,1.50594633,1.87707294
243,1.80978948,1.5048578,1.8790976799999999
244,1.8092711,1.5074507,1.88111
245,1.80874206,1.50720264,1.88378928
246,1.80822278,1.50912554,1.8850027299999998
247,1.80763728,1.50852944,1.885916
248,1.80705276,1.50779709,1.88651862
249,1.806585,1.5140525,1.888575
250,1.80619349,1.51424033,1.89219864
251,1.8057967199999998,1.51370604,1.8925124400000002
252,1.80541053,1.5130260199999999,1.8936544
253,1.80508656,1.5150185600000001,1.89757812
254,1.8047931,1.5159291,1.8996837
255,1.80452608,1.515776,1.90230528
256,1.80429934,1.5182326400000001,1.90553421
257,1.80407274,1.5169884,1.90586406
258,1.8038314,1.51782547,1.9073588799999999
259,1.803568,1.5170324,1.9122194
260,1.80331686,1.51649352,1.9132344
261,1.8030918599999999,1.51766382,1.9134881799999999
262,1.80288341,1.51836212,1.91789857
263,1.8027187199999999,1.51978992,1.9204284
264,1.8025432499999998,1.5186196,1.92143285
265,1.8023947200000001,1.51974046,1.92302572
266,1.80227937,1.5222257399999999,1.92683487
267,1.8021231199999999,1.519493,1.9266868400000001
268,1.80191264,1.5166139299999999,1.92617719
269,1.8016911,1.5160581,1.8177129
270,1.80154025,1.51996583,1.81944251
271,1.80132,1.5159212800000001,1.81747136
272,1.80108201,1.5145575900000001,1.82138775
273,1.8008211600000001,1.51178404,1.82132732
274,1.80058175,1.51181525,1.82457825
275,1.80036456,1.51013124,1.82450076
276,1.8001509800000002,1.5112870699999998,1.82616682
277,1.79996104,1.51313454,1.8292177600000001
278,1.79975925,1.51316208,1.83061107
279,1.7995348,1.5102584,1.8301724
280,1.79931325,1.50993102,1.83231108
281,1.79909514,1.51054146,1.83294642
282,1.7989064799999999,1.51294913,1.8335994500000001
283,1.798714,1.51117536,1.83122064
284,1.79849535,1.5089781,1.8301189500000001
285,1.79830508,1.5081437800000002,1.83089764
286,1.79813249,1.5080443700000001,1.8340648899999998
287,1.79796384,1.5044630399999999,1.83582432
288,1.79767248,1.5000573899999998,1.8323727099999998
289,1.7974084,1.5009182,1.8359204
290,1.79714034,1.50010209,1.83509547
291,1.7968570400000001,1.5009676,1.83546528
292,1.7965851700000002,1.49976445,1.8346488
293,1.7962429800000002,1.49662464,1.83429834
294,1.79584495,1.4944346,1.8325341
295,1.79542352,1.4936929600000002,1.83440968
296,1.7950056300000001,1.49311701,1.83548079
297,1.7946007000000002,1.4925449199999998,1.83866
298,1.7942003299999998,1.4924883999999998,1.84002806
299,1.793796,1.493094,1.844403
300,1.7933941199999999,1.49358909,1.8466410199999999
301,1.7929739999999998,1.49093776,1.76857542
302,1.79260254,1.4948171700000001,1.77101379
303,1.7922775999999998,1.4980390399999999,1.77424128
304,1.79197565,1.49805935,1.777296
305,1.7916820199999999,1.4999048999999998,1.7808343199999999
306,1.79140947,1.50181944,1.78328318
307,1.79111548,1.50025568,1.78182928
308,1.79088057,1.50216951,1.78494159
309,1.7906034,1.5004403,1.7848777
310,1.79033681,1.50213,1.7881442600000002
311,1.79007192,1.50201792,1.78843704
312,1.7898435499999998,1.5026910900000001,1.78877309
313,1.7896084600000002,1.50122144,1.7876302599999998
314,1.7893827,1.502361,1.79016705
315,1.78915408,1.5016952,1.7893215599999999
316,1.78891659,1.50187626,1.7919344300000002
317,1.7887023,1.5009759,1.7933578199999998
318,1.78849583,1.50079292,1.7944260399999998
319,1.7882528,1.4997504,1.7947584
320,1.78803099,1.50036684,1.79560338
321,1.78781162,1.49997904,1.79808342
322,1.78759828,1.4984002299999999,1.8001791299999998
323,1.7873589600000002,1.4979103200000001,1.80091188
324,1.7871782500000002,1.50111325,1.80570975
325,1.7870374599999999,1.50142234,1.80739942
326,1.78688169,1.5020581499999999,1.80829692
327,1.7867537599999999,1.5047262399999999,1.80911024
328,1.78664108,1.50457293,1.8101119399999999
329,1.7865111,1.5050211,1.8113271
330,1.78638714,1.50546413,1.81349935
331,1.78623636,1.5036578800000002,1.81275984
332,1.78608213,1.50488028,1.8159455700000002
333,1.78597148,1.5068643800000001,1.76693348
334,1.7858816499999999,1.5066122499999999,1.76563425
335,1.7857896000000002,1.5084652799999998,1.76627472
336,1.78567875,1.50693257,1.76706287
337,1.78559316,1.50953504,1.7678752
338,1.78548249,1.50832965,1.7664612
339,1.785391,1.5086208,1.7693634
340,1.7852782200000001,1.50638796,1.76849079
341,1.7851887,1.50692382,1.76886846
342,1.78505775,1.5050291199999999,1.7682336
343,1.78491624,1.5061076800000002,1.76896496
344,1.7848023000000002,1.5082227000000001,1.7693325
345,1.78465762,1.50588888,1.77103906
346,1.7845377199999999,1.50785727,1.7749952199999999
347,1.7843943599999998,1.5085069199999999,1.77556212
348,1.78425203,1.50692616,1.77565267
349,1.7841144999999998,1.5069564999999998,1.7756375
350,1.78403121,1.5087980699999999,1.77887502
351,1.7839359999999997,1.51000256,1.7806518400000002
352,1.7838149,1.5086867,1.77770094
353,1.78370334,1.5095657400000002,1.77868362
354,1.7836123,1.5115864499999998,1.78294845
355,1.78351728,1.51254076,1.78573872
356,1.7834256300000002,1.51450824,1.7898444900000001
357,1.78333762,1.5146622,1.7934905
358,1.78331455,1.5175289,1.7966119100000002
359,1.7832564,1.5157512000000002,1.7951291999999999
360,1.7832317,1.51865841,1.79784498
361,1.78321562,1.51959636,1.79744222
362,1.7832302400000002,1.52201907,1.8001387800000002
363,1.78326148,1.5244174400000001,1.8036527599999999
364,1.78326225,1.5244699499999999,1.75697495
365,1.78323618,1.52300652,1.75632786
366,1.78321997,1.52272337,1.75603261
367,1.78320288,1.5225816,1.7564051200000002
368,1.7831925,1.52423937,1.75833297
369,1.7831632,1.5237525,1.7566933999999998
370,1.78319666,1.5269024400000002,1.76104054
371,1.7832303600000001,1.52601468,1.7616878399999998
372,1.7832384,1.5247829700000002,1.76144774
373,1.78326566,1.52538518,1.76504438
374,1.78327875,1.5245175000000002,1.7641762499999998
375,1.7832702399999998,1.5231759999999999,1.76485752
376,1.7832477,1.5231780200000002,1.7652836500000002
377,1.7832150000000002,1.5237973800000002,1.76671908
378,1.78318742,1.5251642199999997,1.76715951
379,1.7832146000000002,1.5284626,1.7709937999999998
380,1.78318287,1.52553543,1.77132996
381,1.7831568999999998,1.5261205599999998,1.77204834
382,1.78314459,1.52647714,1.77425133
383,1.7831424,1.5251904,1.77353856
384,1.7831313500000001,1.5248541000000002,1.7745034999999998
385,1.7831385800000001,1.5254411200000002,1.77344998
386,1.78316829,1.5277366799999998,1.7751883499999999
387,1.7832169599999999,1.52939512,1.7767722799999999
388,1.7832771399999998,1.52987865,1.7801807
389,1.7833374,1.5289793999999999,1.7816448
390,1.78335882,1.5281609399999998,1.78190821
391,1.78338048,1.5284864,1.78406256
392,1.7833789800000002,1.52779143,1.78329645
393,1.78338584,1.5284087400000002,1.7851943
394,1.7833894499999998,1.52825105,1.7853486499999998
395,1.7833543200000002,1.52720172,1.7849541599999998
396,1.78329224,1.5259092,1.73149565
397,1.7832549199999999,1.5263061199999999,1.7328163799999998
398,1.7832147900000002,1.5249460799999999,1.7326255799999999
399,1.783156,1.52468,1.733744
400,1.78306254,1.5232265699999998,1.73177464
401,1.78295844,1.5225347999999999,1.7308632600000002
402,1.7828639400000001,1.52300148,1.73202952
403,1.7827711999999998,1.52355672,1.73081276
404,1.7826723,1.52417295,1.73144385
405,1.7825308199999998,1.52277202,1.73068462
406,1.78236696,1.52211081,1.7325013200000001
407,1.78222152,1.5236311200000001,1.73773728
408,1.7821070700000001,1.52464566,1.7391947899999998
409,1.7820158000000001,1.5255936,1.7396259
410,1.7819274900000002,1.52494152,1.73794227
411,1.7818176000000001,1.52420636,1.73734632
412,1.78174808,1.5269023,1.74024158
413,1.7816697,1.52581356,1.74017862
414,1.781595,1.52624135,1.73960115
415,1.78152416,1.52602944,1.74114304
416,1.78141983,1.52404326,1.7394195900000002
417,1.7812861,1.52176662,1.7389510600000002
418,1.7811271,1.52139738,1.73830111
419,1.780968,1.5218868,1.7374014000000002
420,1.78083842,1.5239484300000001,1.7397235599999998
421,1.7806754200000001,1.5224367399999998,1.73719676
422,1.7805042899999999,1.52296497,1.73949444
423,1.78036752,1.52621344,1.7426018399999998
424,1.780189,1.52396925,1.7409955
425,1.7800069200000002,1.52338452,1.7399757
426,1.7798299400000002,1.5233950900000002,1.74118644
427,1.7796625199999998,1.5234018,1.7144824
428,1.77948342,1.52179599,1.71348177
429,1.7793142,1.5210561999999999,1.7109269999999999
430,1.7791852400000001,1.52302039,1.7127767600000001
431,1.7790624,1.52370288,1.71519984
432,1.77891555,1.5231511100000001,1.7158577600000002
433,1.7787273,1.52199026,1.71431302
434,1.77855405,1.5223042500000001,1.7135172
435,1.77839168,1.52303956,1.71719036
436,1.77826225,1.5239938,1.7183626600000002
437,1.7781310799999999,1.5252693,1.71860688
438,1.7780158499999998,1.52561719,1.7201073599999999
439,1.7778816,1.5236848,1.720004
440,1.7777503799999999,1.52495154,1.72053504
441,1.7776046600000002,1.52448452,1.7205513000000001
442,1.7774577599999999,1.5252622900000001,1.7230086299999998
443,1.77730092,1.52381244,1.7228487600000002
444,1.7771030499999998,1.52059615,1.7195245000000001
445,1.7769308999999998,1.5209224399999999,1.72143066
446,1.77676242,1.5207834,1.71991296
447,1.77663808,1.52328512,1.72071872
448,1.77652238,1.52450766,1.7242049
449,1.776402,1.5256574999999999,1.723185
450,1.7762905599999999,1.5258683,1.7229102
451,1.7761701600000002,1.52523332,1.7239506
452,1.7760680400000002,1.52725326,1.72609761
453,1.7759889799999997,1.52837284,1.72860954
454,1.77596055,1.5329314,1.73130685
455,1.7759512800000001,1.53374232,1.73183784
456,1.77596598,1.53520924,1.73513303
457,1.7759637,1.53329698,1.7337589999999998
458,1.77595362,1.53239445,1.73234403
459,1.7759404,1.5320208,1.7118256
460,1.77591952,1.53220726,1.71170222
461,1.77588642,1.5330823199999999,1.7125877999999999
462,1.7758828000000002,1.5350209400000001,1.71378987
463,1.77588112,1.53439232,1.71358912
464,1.7758815000000001,1.53200295,1.71345525
465,1.77587474,1.5314530800000001,1.7130672599999999
466,1.77585156,1.52953241,1.7112094199999999
467,1.77581664,1.52901216,1.7096133599999999
468,1.7757747,1.53049708,1.71023195
469,1.7757163999999999,1.5284541,1.7087038
470,1.77565116,1.52869644,1.71143031
471,1.77557432,1.52874192,1.71108024
472,1.77549537,1.52682035,1.7125485299999998
473,1.7754144,1.5269483400000001,1.7118984
474,1.7753125,1.5257,1.7098337499999998
475,1.77518488,1.5235332,1.70843064
476,1.7750696400000001,1.5236095500000002,1.71108009
477,1.77495262,1.52275982,1.71196178
478,1.77485307,1.5243312800000002,1.7140583900000002
479,1.7747424,1.5231599999999998,1.7147232
480,1.77462064,1.5233751,1.71527005
481,1.77446854,1.5224018199999998,1.71250262
482,1.77431499,1.52274927,1.712235
483,1.77419396,1.52544216,1.71396016
484,1.77408635,1.526295,1.71442165
485,1.77393402,1.52289072,1.7115947999999999
486,1.7737660100000001,1.52137339,1.71176117
487,1.77361648,1.52294064,1.71362176
488,1.77346608,1.52445261,1.7141699400000001
489,1.7733492000000002,1.5278787999999999,1.7170041
490,1.77323668,1.52801655,1.71706628
491,1.77312864,1.5287768400000001,1.69367064
492,1.7730104100000001,1.52822605,1.6938494000000002
493,1.77289684,1.5296067800000002,1.69472134
494,1.77277815,1.52772345,1.69503345
495,1.77262464,1.52645984,1.69459888
496,1.77247098,1.52682873,1.69405929
497,1.77232722,1.5281628,1.6941461999999998
498,1.77220848,1.5280378000000001,1.69532755
499,1.77209,1.52825,1.6951
500,1.7719869,1.5281652300000002,1.69605534
501,1.77189936,1.52958898,1.69787946
502,1.7718325899999998,1.5315394299999998,1.6995364
503,1.77177168,1.5330873600000001,1.70043552
504,1.77174705,1.53515455,1.70324885
505,1.77175394,1.5380122999999999,1.70448124
506,1.77176727,1.5389528700000001,1.70667354
507,1.771777,1.53834592,1.70543728
508,1.77176792,1.5369764,1.70484969
509,1.7717043000000001,1.5327642,1.7018751
510,1.77167788,1.53424684,1.70312723
511,1.77166336,1.53723904,1.7074688
512,1.77164037,1.53671715,1.7056788299999999
513,1.77160894,1.5368137400000002,1.70476324
514,1.77158455,1.5381814,1.70630315
515,1.7715879600000002,1.5390886799999999,1.70836764
516,1.77157288,1.5381783999999998,1.7075889599999998
517,1.77155482,1.53746026,1.70735908
518,1.77152346,1.5376413,1.70807571
519,1.7714892,1.5386799999999998,1.7080752
520,1.7714833600000002,1.54026877,1.70883832
521,1.77143832,1.53741528,1.70694522
522,1.77139054,1.53635434,1.7018053899999999
523,1.77134532,1.53688152,1.7030366799999999
524,1.7712712499999999,1.53571425,1.70304225
525,1.77120506,1.53501002,1.7035193800000001
526,1.7711468700000002,1.53585191,1.70378046
527,1.77110736,1.53630576,1.70476944
528,1.7710708400000001,1.53607317,1.70568644
529,1.7710056,1.5344347999999999,1.7056247999999998
530,1.77093279,1.53371916,1.706634
531,1.7708471200000002,1.53230896,1.70545368
532,1.7707325999999999,1.5301683799999999,1.7027431199999998
533,1.77061584,1.5305080800000002,1.70412216
534,1.7704969,1.52912095,1.705152
535,1.77036512,1.52728912,1.70407264
536,1.77024198,1.52832348,1.70520054
537,1.77014912,1.5320303199999998,1.70812848
538,1.77007061,1.5326734499999999,1.7070776799999998
539,1.7699795999999999,1.531089,1.7057196000000001
540,1.76987068,1.52934208,1.70378212
541,1.76977634,1.5302069200000001,1.7036144
542,1.76969673,1.5314500500000001,1.70406975
543,1.76961024,1.53259488,1.70449888
544,1.7695387,1.532431,1.7049998000000002
545,1.7694440400000002,1.531257,1.7060316
546,1.76932073,1.52881577,1.70566087
547,1.7692015600000002,1.53010368,1.7050471999999999
548,1.7691030900000002,1.53140805,1.70710452
549,1.7689925000000002,1.5315575000000001,1.7078435
550,1.76885326,1.5310086,1.70768124
551,1.7687184,1.53194352,1.70996904
552,1.76857142,1.53234088,1.7110041200000001
553,1.7684289400000002,1.5332116199999999,1.71342228
554,1.76827995,1.5319998,1.6982667
555,1.7681467199999998,1.53319224,1.69930836
556,1.76801826,1.5327470300000001,1.69791424
557,1.76787234,1.53088416,1.6976034
558,1.76775365,1.53373389,1.69904137
559,1.7676008,1.5312584,1.6943192
560,1.76745855,1.53177123,1.69455099
561,1.76730454,1.5324953199999998,1.69514936
562,1.76715566,1.53358948,1.69401633
563,1.76700072,1.53311556,1.69356228
564,1.7668510499999999,1.5348677000000002,1.69503955
565,1.76670674,1.5338882999999999,1.6943493
566,1.7665735500000002,1.5355153799999999,1.69483104
567,1.76644592,1.5354573599999999,1.6975702400000001
568,1.76632963,1.5366982999999999,1.69849914
569,1.7661906,1.5349986000000002,1.6974143999999998
570,1.76606303,1.53592719,1.69618405
571,1.76592416,1.53579712,1.69627744
572,1.76578545,1.53596088,1.6972202699999999
573,1.76564696,1.5360584400000001,1.6969506399999998
574,1.7655087500000002,1.537527,1.697814
575,1.7653708799999999,1.53710208,1.69831296
576,1.76522187,1.53734726,1.69639731
577,1.7650675,1.536613,1.6967710200000001
578,1.76489622,1.53509691,1.6984096499999999
579,1.7647428,1.5366520000000001,1.6993536
580,1.76460158,1.5378082300000002,1.70075549
581,1.76448432,1.53919794,1.70475366
582,1.76437954,1.5393590300000002,1.70481443
583,1.7642348,1.536942,1.70287976
584,1.7640558,1.5336126,1.700361
585,1.7638658600000001,1.53304046,1.7004723800000001
586,1.76368259,1.53431234,1.6743001
587,1.76351784,1.53618528,1.676388
588,1.7633482,1.53559957,1.67609374
589,1.7631736999999998,1.5344602,1.6750867
590,1.7630120999999999,1.53573123,1.67801448
591,1.76286352,1.53620448,1.67786416
592,1.76270436,1.5349982899999999,1.67603148
593,1.76254056,1.5348128399999998,1.67468796
594,1.76239,1.5355403,1.6777928999999998
595,1.76223492,1.5358741200000001,1.67877108
596,1.7620872900000002,1.53659442,1.6806385799999999
597,1.76197112,1.5370992,1.6814982600000001
598,1.7618387,1.53787859,1.68214175
599,1.7616839999999998,1.5358740000000002,1.681794
600,1.76152499,1.53502011,1.6816581
601,1.7613677200000002,1.5344980000000001,1.68076594
602,1.76121225,1.5343938000000001,1.68003639
603,1.76103448,1.5316232,1.67719324
604,1.7608767,1.5310251,1.6767454000000002
605,1.7607027,1.5299439600000002,1.67587482
606,1.76054887,1.53107252,1.6765582799999998
607,1.76037888,1.52977664,1.67597024
608,1.7601927000000002,1.52815152,1.6737756
609,1.7600208,1.5284160000000002,1.6758103
610,1.75983886,1.5280987799999999,1.67544143
611,1.75967136,1.52922276,1.67641488
612,1.7594939,1.52811705,1.6745137099999998
613,1.75933104,1.53008186,1.6770489
614,1.7591829,1.5310425,1.67748015
615,1.7590619200000002,1.53149304,1.6787971199999998
616,1.75893743,1.5300427699999999,1.67816596
617,1.758828,1.5325782000000001,1.6872759600000002
618,1.75873375,1.53448243,1.6877035
619,1.7586424,1.5346984000000001,1.6876214
620,1.7585415899999999,1.5352920899999998,1.68726321
621,1.75843754,1.53370272,1.6865654399999999
622,1.75831782,1.53325907,1.68777553
623,1.75819488,1.53194496,1.6858545600000001
624,1.7580937499999998,1.53465,1.687475
625,1.7579645,1.5328861999999999,1.6867569999999998
626,1.75783212,1.53198045,1.6871253300000002
627,1.75769036,1.53167316,1.68707176
628,1.75755809,1.5317408000000001,1.6874937799999998
629,1.7574228,1.5307047,1.687203
630,1.75728452,1.52970175,1.68504764
631,1.7571622400000002,1.5315698400000002,1.68707344
632,1.75703709,1.53054336,1.68639429
633,1.7568964200000001,1.53049502,1.6870106
634,1.7567275,1.52940385,1.6867314500000001
635,1.75654932,1.5276910799999999,1.68592788
636,1.75637462,1.52801012,1.68701169
637,1.75620984,1.52878836,1.68611916
638,1.75604229,1.528488,1.6840206
639,1.7558656,1.5279935999999998,1.6847104
640,1.7556990000000001,1.5287593600000002,1.6855030899999999
641,1.7555233200000002,1.52816544,1.68691278
642,1.75535142,1.5277036999999998,1.6864025299999998
643,1.7551575999999998,1.52556516,1.6856893199999998
644,1.7549740500000002,1.5262828499999999,1.68810045
645,1.7547814800000001,1.52570342,1.6868158199999999
646,1.7545928299999998,1.52580716,1.6862761000000002
647,1.7543952,1.52554104,1.68594696
648,1.75420157,1.526448,1.68828913
649,1.7540120000000001,1.5274155,1.6825575
650,1.7538395699999998,1.5278253899999998,1.68432579
651,1.7536518,1.52716656,1.6832162400000001
652,1.7534617200000002,1.52596958,1.68410659
653,1.7532824400000002,1.52724042,1.68540378
654,1.75311405,1.5283769999999999,1.68621235
655,1.7529500800000002,1.52929344,1.68786832
656,1.75277745,1.52883243,1.6868080799999998
657,1.75258958,1.5287445599999998,1.68623028
658,1.75240621,1.5286163999999998,1.6884766199999999
659,1.752234,1.5284676,1.6895076000000002
660,1.75205982,1.52782218,1.68924499
661,1.7518704600000001,1.5272009,1.68835818
662,1.75169241,1.5272801699999998,1.68846873
663,1.75151912,1.52782416,1.6895015199999999
664,1.75133735,1.5279306000000001,1.6898381500000001
665,1.75112712,1.52508006,1.6888561199999998
666,1.7509216900000002,1.52452855,1.68971777
667,1.75071444,1.52355436,1.68839672
668,1.7505054000000002,1.5231858900000002,1.68760602
669,1.7502879,1.5231579,1.6876295
670,1.75007536,1.52282108,1.6882963899999999
671,1.74984768,1.52272512,1.6872911999999998
672,1.74962502,1.52222505,1.6864707
673,1.7494344,1.52503958,1.68757468
674,1.749222,1.52511525,1.68745275
675,1.7490147999999999,1.5238392,1.68707292
676,1.74881286,1.52275579,1.6885056999999999
677,1.7486094600000002,1.52141166,1.6861521
678,1.74841821,1.52108222,1.6850403500000002
679,1.748246,1.5233020000000002,1.6873452
680,1.74807252,1.5232608,1.65465294
681,1.7478977999999998,1.52407222,1.6554186
682,1.74772187,1.52382081,1.6560974199999998
683,1.74752424,1.52154432,1.65499956
684,1.7473254,1.5220083500000001,1.6552134500000002
685,1.74711852,1.5211707,1.65354812
686,1.74692421,1.52230269,1.65441966
687,1.7467081599999998,1.5208928,1.6519911999999999
688,1.7464772,1.5204714200000002,1.65278698
689,1.7462520000000001,1.5207324,1.6527432
690,1.74602571,1.52183076,1.6547238800000001
691,1.74576376,1.5193206000000001,1.6526136399999998
692,1.74552147,1.51990146,1.65385836
693,1.7452850800000002,1.5195962800000002,1.65455846
694,1.7450546500000002,1.5211465,1.65425985
695,1.74482328,1.5206904,1.6554708
696,1.74458403,1.51856784,1.6530470199999998
697,1.74434388,1.51885498,1.65425302
698,1.74409587,1.51875924,1.6553787899999999
699,1.743854,1.5187689999999998,1.655563
700,1.7436183299999999,1.51811364,1.6568135000000002
701,1.74337488,1.5180609600000001,1.6571061
702,1.7431588000000002,1.52058197,1.6587285
703,1.74293504,1.51910528,1.65866624
704,1.7427035999999998,1.51809765,1.6573140000000002
705,1.7424503599999999,1.5166362599999998,1.65508992
706,1.74220354,1.51668468,1.65449312
707,1.74194904,1.5161466000000001,1.6547022
708,1.74170813,1.51746561,1.65599712
709,1.7414808999999998,1.5180865000000001,1.657069
710,1.74126033,1.5183760499999999,1.65720591
711,1.741018,1.5158978399999998,1.6565036000000002
712,1.74078237,1.5163228400000002,1.65250584
713,1.74054636,1.51516512,1.65154626
714,1.74030285,1.5138981,1.6514355
715,1.74003752,1.51138292,1.649664
716,1.73977182,1.5114216600000001,1.64941548
717,1.73951296,1.5114905200000002,1.6488152
718,1.7392538100000001,1.51055429,1.6491703
719,1.7389944000000002,1.5101208000000002,1.6492968000000001
720,1.7387275500000001,1.51017055,1.64836462
721,1.73848214,1.51144202,1.6495534
722,1.7382366,1.5109254,1.64837493
723,1.7379982,1.5106332400000002,1.6473172
724,1.7377669999999998,1.5101315000000002,1.648795
725,1.7375358,1.5101380800000002,1.6491452999999998
726,1.73729736,1.50912114,1.64819624
727,1.7370589600000002,1.5083431999999999,1.6475368000000001
728,1.7368133399999999,1.50820623,1.6478899200000001
729,1.7365678,1.5089173000000002,1.6485589999999999
730,1.7363369899999999,1.5102460000000002,1.6490628999999999
731,1.73609904,1.5094645199999999,1.6479223200000002
732,1.7358759400000001,1.5111601300000002,1.6505913899999998
733,1.73564576,1.5107188,1.65044304
734,1.73541585,1.5097782,1.6501191000000002
735,1.7351641599999998,1.50751936,1.64870624
736,1.73493485,1.5091106799999998,1.6488532500000002
737,1.73469114,1.5082579799999998,1.6475702399999999
738,1.7344699499999998,1.50953313,1.6480291200000001
739,1.7342418000000002,1.507824,1.6461818
740,1.7340141,1.50930585,1.6476283200000001
741,1.73380172,1.5103187400000002,1.64672802
742,1.73358989,1.51054129,1.6471269800000001
743,1.7333712,1.50936024,1.6460851200000002
744,1.7331605499999998,1.5110164499999998,1.6431645499999998
745,1.732958,1.5106052399999998,1.6432664200000002
746,1.7327636100000001,1.51212222,1.6433775899999998
747,1.7325849199999999,1.5139146,1.6441638399999998
748,1.7324070400000002,1.51418589,1.64487141
749,1.7322525000000002,1.5161324999999999,1.6474275
750,1.73209138,1.51573579,1.64683035
751,1.73193872,1.51691184,1.64845168
752,1.7317870499999999,1.51837179,1.65007149
753,1.73165148,1.5196417599999998,1.6505889400000002
754,1.7315170000000002,1.52007925,1.6499166
755,1.73138364,1.51901568,1.65039336
756,1.7312589999999999,1.5206086099999998,1.6520162400000002
757,1.7311355600000002,1.52084362,1.65301608
758,1.73102853,1.52233389,1.65426327
759,1.7309227999999999,1.5227435999999999,1.6556676
760,1.7308107899999998,1.52218264,1.65515978
761,1.7307077400000002,1.52367996,1.65793674
762,1.7306137099999999,1.52299378,1.65754883
763,1.7305058400000002,1.5220713600000002,1.65796404
764,1.73039175,1.5220669500000001,1.65718125
765,1.7302714399999999,1.52103088,1.6556707000000002
766,1.73015258,1.52146722,1.65531639
767,1.7300275200000002,1.5212851200000002,1.65480192
768,1.7299193300000002,1.52267383,1.65661825
769,1.7297973,1.5209810000000001,1.6563162000000002
770,1.72967682,1.5201190199999999,1.65594609
771,1.7295424799999999,1.51908756,1.6555617200000001
772,1.72938652,1.5178086899999998,1.65409632
773,1.7292321,1.5168465,1.6537206599999998
774,1.7290637500000001,1.5164657499999998,1.6530982500000002
775,1.72890472,1.51796464,1.6496673599999998
776,1.7287473000000002,1.5183900899999998,1.65075204
777,1.7285993,1.51851596,1.6513127800000003
778,1.7284452,1.51872282,1.65151895
779,1.7282928000000002,1.518114,1.6511742
780,1.72814994,1.51856859,1.6523617
781,1.72800886,1.5193869,1.6519828200000002
782,1.7278617600000001,1.51819002,1.6517384999999998
783,1.72770864,1.51765936,1.6501632
784,1.7275652000000001,1.51738145,1.6497716999999998
785,1.72742364,1.51664202,1.6500498000000001
786,1.72729973,1.51817809,1.65077972
787,1.7271856799999998,1.51838144,1.6503872000000002
788,1.7270736599999998,1.5195035399999999,1.64983845
789,1.7269557999999998,1.5202444,1.6502231
790,1.7268241899999999,1.51915505,1.64878413
791,1.72671048,1.5210122400000001,1.65097944
792,1.72661476,1.52172735,1.6519776
793,1.72652124,1.52415446,1.65417196
794,1.72644585,1.5250485,1.6535443499999998
795,1.7263647999999998,1.52348828,1.65206616
796,1.7262701200000001,1.5244219,1.6529939400000002
797,1.72616976,1.52251218,1.65152484
798,1.72607171,1.52338139,1.6529712
799,1.725968,1.524456,1.654048
800,1.7258586299999998,1.52433504,1.65412908
801,1.72575162,1.52599748,1.6558492999999999
802,1.725647,1.52662345,1.6554166200000002
803,1.72553676,1.52618496,1.65356268
804,1.725437,1.5256682000000001,1.6542428000000002
805,1.72533166,1.52462154,1.6535896
806,1.72521267,1.52510088,1.6555120799999998
807,1.72510424,1.5252454400000002,1.654582
808,1.7249821600000002,1.52522388,1.65334521
809,1.7248545000000002,1.5237315,1.6526105999999998
810,1.72471315,1.52377168,1.65321539
811,1.72459056,1.52594288,1.6546448800000002
812,1.7244542999999999,1.5238059,1.65343875
813,1.7243206199999999,1.523808,1.65351076
814,1.7241814,1.5234713500000001,1.6539528499999998
815,1.72405296,1.52383104,1.6543094399999998
816,1.72391085,1.52168701,1.6534200899999998
817,1.7237877600000002,1.52412214,1.65415142
818,1.7236673999999998,1.52471592,1.6550352000000002
819,1.7235498,1.5243882,1.6557604
820,1.7234103600000001,1.52316846,1.6548076000000003
821,1.7232901200000001,1.52448942,1.65595188
822,1.72316448,1.52522475,1.65658378
823,1.72303344,1.52388912,1.6559928000000002
824,1.7228970000000001,1.524138,1.6567237500000003
825,1.72277168,1.52495294,1.6573277
826,1.72263273,1.52430159,1.6567291
827,1.72248012,1.5224022000000001,1.65617388
828,1.7223304000000002,1.52286471,1.6571875799999998
829,1.7221586999999998,1.5236061,1.6566883
830,1.7219982,1.52321469,1.6566400500000003
831,1.7218156799999997,1.52302592,1.6562041600000001
832,1.72165273,1.5241401,1.65772831
833,1.7214927599999998,1.5250107,1.6577001
834,1.72134415,1.5255366499999998,1.6590615000000002
835,1.72120696,1.5265778,1.6593764
836,1.72107288,1.52647038,1.6593943500000001
837,1.72093356,1.52455664,1.6576813200000002
838,1.720789,1.5236575600000002,1.65599303
839,1.7206476000000002,1.5246672,1.651692
840,1.72050098,1.52480028,1.65254818
841,1.7203575599999998,1.52379266,1.65098518
842,1.72021737,1.5231324,1.65104922
843,1.72006356,1.52154632,1.6500621999999998
844,1.71990455,1.5219295,1.6504709
845,1.71974034,1.52234316,1.6515612
846,1.7195793999999998,1.52268578,1.65246312
847,1.7194302399999999,1.52354224,1.65362544
848,1.71926745,1.5228088499999999,1.6533256200000002
849,1.719142,1.525325,1.6558935000000001
850,1.7190029800000002,1.52525581,1.65738207
851,1.7188844399999998,1.52714184,1.65864804
852,1.71877794,1.5282518600000001,1.6592385399999998
853,1.718675,1.52860022,1.65971484
854,1.71857565,1.52984295,1.6605296999999999
855,1.7184970400000001,1.53028832,1.66078552
856,1.71842212,1.53198177,1.66210865
857,1.71833376,1.53001134,1.6616628599999999
858,1.7182491100000001,1.53109019,1.66420942
859,1.7181682,1.5317546,1.663799
860,1.7180910600000001,1.53257139,1.6647348899999999
861,1.7180091000000002,1.53087752,1.66415996
862,1.71792232,1.53041831,1.66445947
863,1.71783072,1.53104256,1.664712
864,1.71774295,1.5308251,1.6663100499999999
865,1.71764172,1.52954652,1.6656644
866,1.71753567,1.53041106,1.6677351900000001
867,1.7174248,1.52871292,1.66693324
868,1.7173004200000002,1.52808436,1.66649868
869,1.7171886,1.5288945,1.6675116
870,1.71708069,1.52965891,1.6639496900000001
871,1.7169679999999998,1.5303512799999999,1.66478752
872,1.71685926,1.53020313,1.6645491000000001
873,1.7167545,1.53161508,1.6653108600000002
874,1.7166712499999999,1.5328775000000001,1.666105
875,1.7166096000000002,1.53568056,1.6680616799999999
876,1.71656964,1.53723191,1.66900993
877,1.71652512,1.5381155199999998,1.67034232
878,1.71649362,1.53779292,1.67075046
879,1.7164664,1.5389352,1.6725984
880,1.71642587,1.53780312,1.67370618
881,1.71640728,1.53783756,1.67360382
882,1.7163754,1.5363052099999999,1.6734616
883,1.7163302,1.535287,1.67178544
884,1.71628935,1.5355989,1.6729686
885,1.71625288,1.5354823,1.6733438999999999
886,1.7162030799999999,1.5347228800000001,1.67201274
887,1.71615768,1.5342242400000001,1.6697952
888,1.7161256,1.53670762,1.6726179399999999
889,1.7160891,1.5359264,1.6718027
890,1.71604818,1.53573651,1.67100813
891,1.7160296,1.53638972,1.67070708
892,1.7159888,1.53346853,1.66938313
893,1.71596148,1.5351321,1.67056416
894,1.71592085,1.53334085,1.66963145
895,1.7158848,1.53421184,1.67218688
896,1.7158712999999999,1.53655203,1.67474385
897,1.7158535,1.5368641399999998,1.6754075800000001
898,1.71584938,1.5379193,1.67608661
899,1.7158229999999999,1.537776,1.674378
900,1.71581935,1.5390882,1.67488692
901,1.71580244,1.5390826,1.67495988
902,1.7157903,1.53808893,1.67622084
903,1.71577392,1.53744184,1.6764589600000002
904,1.7157714,1.5383008999999999,1.676603
905,1.7157646800000002,1.53949332,1.68014076
906,1.71578097,1.54029461,1.6809431
907,1.71578404,1.5401042,1.68169772
908,1.71579204,1.5392369700000001,1.68117732
909,1.7157867999999998,1.5381912,1.680224
910,1.7157774,1.53686611,1.67809844
911,1.71575472,1.5357167999999999,1.6774872
912,1.71573699,1.5358029500000001,1.67862354
913,1.7157151,1.53613238,1.6786981
914,1.71570735,1.53766665,1.68004065
915,1.71569548,1.5376434,1.68086
916,1.7156886599999999,1.53772647,1.67978811
917,1.7156685600000001,1.53718182,1.6796737800000001
918,1.71565353,1.5379648799999999,1.67986767
919,1.7156436,1.5383044,1.6803708
920,1.71562959,1.53764634,1.6790658900000002
921,1.7156022800000001,1.5371491800000001,1.67962584
922,1.71556164,1.53443212,1.67876163
923,1.71551688,1.53515208,1.67979504
924,1.7154865,1.53623075,1.6821032500000002
925,1.71545204,1.53612288,1.6813474599999998
926,1.71542277,1.53645615,1.68173559
927,1.715408,1.53815072,1.68351264
928,1.71540779,1.53945519,1.68603281
929,1.7153943,1.5385083,1.6845741
930,1.71538612,1.53893369,1.6854172299999999
931,1.7153832800000002,1.53890908,1.6852330800000002
932,1.71536715,1.5377612699999998,1.68641616
933,1.71535638,1.53752278,1.69350078
934,1.71534165,1.53699975,1.69280815
935,1.7153136,1.53629424,1.6916702399999999
936,1.7152815700000001,1.5363052,1.6919408999999999
937,1.71523618,1.5349056799999998,1.69174866
938,1.7152055700000002,1.53539646,1.6924536000000001
939,1.7151616,1.5348038,1.6918778
940,1.7151136500000002,1.53530737,1.69394115
941,1.71508056,1.53622302,1.695129
942,1.71505296,1.5362507300000001,1.69529711
943,1.715012,1.53556704,1.69404576
944,1.7149671,1.53374445,1.6928541
945,1.7149088000000001,1.53279434,1.69208182
946,1.7148465400000001,1.5312137700000001,1.6921185399999998
947,1.71478032,1.53140868,1.6923127199999999
948,1.71472912,1.53279633,1.69329121
949,1.714674,1.5323309999999999,1.6919405
950,1.7146244700000002,1.53182325,1.69138203
951,1.71459008,1.53463352,1.69399832
952,1.71455183,1.53542595,1.6952440500000001
953,1.7145192599999999,1.53532944,1.6952103
954,1.7144924,1.5357355,1.6959845
955,1.71446172,1.53549852,1.6970912
956,1.71442722,1.53519069,1.69797639
957,1.71441764,1.5370247799999999,1.6986777
958,1.7143947099999999,1.53816887,1.6993479999999999
959,1.714368,1.5366144,1.6977312
960,1.71435673,1.53748468,1.6987597
961,1.71434172,1.53854584,1.70085448
962,1.71434223,1.5383925,1.70263215
963,1.71434868,1.5400960399999999,1.70418812
964,1.7143611,1.5400435,1.70435405
965,1.7143602,1.53853854,1.69985088
966,1.71434595,1.5375686800000001,1.69907702
967,1.71431832,1.5359352800000001,1.6981043200000001
968,1.71428697,1.53595221,1.69822095
969,1.7142519,1.5348213000000002,1.6973448
970,1.7142034000000002,1.5347237599999999,1.6966088799999999
971,1.71416088,1.53380628,1.6966260000000002
972,1.7141049099999999,1.53380801,1.69688281
973,1.71405494,1.53277406,1.69615282
974,1.7139915,1.5326220000000002,1.69684125
975,1.71393408,1.53360832,1.69715664
976,1.71388271,1.534867,1.69825071
977,1.71383742,1.53529374,1.6981600799999998
978,1.71378845,1.53547339,1.6995537900000002
979,1.7137358,1.5369928,1.6997806
980,1.71367947,1.5377175,1.70038692
981,1.71361946,1.53671216,1.6986145
982,1.71355577,1.5352493999999999,1.69648106
983,1.7134884,1.53599448,1.69702608
984,1.7134272000000002,1.5356740999999998,1.6963374500000001
985,1.71334262,1.53363426,1.6944903
986,1.71325434,1.5331663199999999,1.69361304
987,1.7131524800000002,1.530906,1.6918511999999999
988,1.7130469000000002,1.5306753,1.69159549
989,1.7129475,1.5303222,1.6912764
990,1.71285431,1.53127338,1.69187484
991,1.71275744,1.53112224,1.69083424
992,1.71266682,1.53146418,1.69112865
993,1.71259242,1.53276788,1.69244404
994,1.7124945,1.5306881,1.6901865999999999
995,1.71241284,1.53127032,1.69092912
996,1.71231759,1.5297868300000002,1.68955608
997,1.7122187,1.5294849,1.68394536
998,1.71211617,1.5302682,1.6843739400000002
999,1.7120099999999998,1.52969,1.68228
1000,1.71189018,1.52848696,1.68053886
